{"cameraMode":{"drawMode":0,"name":"Shaded","section":"Shading Mode"},"sceneLighting":false,"audioPlay":false,"sceneViewState":{"showFog":true,"showMaterialUpdate":false,"showSkybox":false,"showFlares":true,"showImageEffects":true,"showParticleSystems":true,"showVisualEffectGraphs":true,"m_FxEnabled":true},"in2DMode":false,"pivot":{"x":-0.34501612186431887,"y":-0.8250037431716919,"z":4.584012985229492},"rotation":{"x":0.017087673768401147,"y":0.982913613319397,"z":-0.12990152835845948,"w":0.1292990744113922},"size":2.5209312438964845,"orthographic":false}